{
    "timestamp": "20250501_155012",
    "dataset": "R1",
    "location": "wrist",
    "model_type": "random_forest",
    "hyperparameters": {
        "n_classes": 8,
        "n_estimators": 100,
        "max_features": "sqrt",
        "random_state": 13,
        "segment_time_size": 1024,
        "overlap": 0.5,
        "time_step": 1018,
        "cv_type": "5-Fold",
        "n_folds": 5
    },
    "fold_results": {
        "accuracies": [
            0.8005222981116914,
            0.7906789875451988,
            0.7872639614302933,
            0.7998794454490658,
            0.8018886879646373
        ],
        "f1_scores": [
            0.7956496656262207,
            0.7860855564113375,
            0.7835625529152267,
            0.7965578813822707,
            0.7981886355418834
        ]
    },
    "final_results": {
        "average_accuracy": 0.7960466761001773,
        "std_accuracy": 0.0059126740700306156,
        "average_f1_score": 0.7920088583753878,
        "std_f1_score": 0.005976024023815115,
        "confusion_matrix": [
            [
                920.8,
                122.2,
                27.6,
                0.0,
                0.0,
                5.8,
                1.6,
                24.2
            ],
            [
                184.6,
                760.8,
                136.4,
                0.0,
                0.0,
                2.0,
                3.4,
                7.6
            ],
            [
                29.0,
                130.8,
                1702.4,
                1.0,
                1.2,
                0.6,
                1.2,
                1.0
            ],
            [
                0.0,
                1.2,
                44.8,
                13.0,
                0.0,
                0.0,
                0.0,
                0.0
            ],
            [
                0.0,
                0.8,
                35.2,
                0.2,
                21.4,
                0.0,
                0.4,
                0.0
            ],
            [
                35.8,
                4.8,
                3.4,
                0.0,
                0.0,
                121.6,
                0.0,
                0.2
            ],
            [
                23.8,
                35.8,
                20.4,
                0.0,
                0.0,
                0.2,
                178.0,
                2.8
            ],
            [
                83.4,
                31.2,
                8.2,
                0.0,
                0.0,
                0.4,
                2.0,
                244.4
            ]
        ]
    }
}