{
    "timestamp": "20250501_155012",
    "dataset": "R1",
    "location": "thigh",
    "model_type": "random_forest",
    "hyperparameters": {
        "n_classes": 8,
        "n_estimators": 100,
        "max_features": "sqrt",
        "random_state": 13,
        "segment_time_size": 1024,
        "overlap": 0.5,
        "time_step": 1018,
        "cv_type": "5-Fold",
        "n_folds": 5
    },
    "fold_results": {
        "accuracies": [
            0.9337083165930092,
            0.9296906388107674,
            0.9363198071514665,
            0.9294755877034359,
            0.9326903757283505
        ],
        "f1_scores": [
            0.9328227984570042,
            0.9284268988250398,
            0.9356452700369179,
            0.9283360849463951,
            0.9309780206363248
        ]
    },
    "final_results": {
        "average_accuracy": 0.9323769451974059,
        "std_accuracy": 0.002571033496096386,
        "average_f1_score": 0.9312418145803363,
        "std_f1_score": 0.0027686289977626025,
        "confusion_matrix": [
            [
                1074.8,
                11.0,
                2.6,
                0.0,
                0.0,
                1.6,
                9.0,
                3.2
            ],
            [
                7.4,
                1026.4,
                57.6,
                0.0,
                0.0,
                1.0,
                2.2,
                0.2
            ],
            [
                2.6,
                69.8,
                1786.4,
                2.6,
                4.2,
                0.0,
                0.6,
                1.0
            ],
            [
                0.0,
                0.6,
                17.8,
                40.4,
                0.2,
                0.0,
                0.0,
                0.0
            ],
            [
                0.0,
                0.2,
                15.8,
                0.0,
                42.0,
                0.0,
                0.0,
                0.0
            ],
            [
                2.2,
                5.0,
                0.2,
                0.0,
                0.0,
                158.4,
                0.0,
                0.0
            ],
            [
                30.0,
                29.6,
                5.8,
                0.0,
                0.0,
                0.0,
                193.2,
                2.4
            ],
            [
                43.2,
                0.8,
                0.8,
                0.0,
                0.0,
                0.0,
                5.4,
                319.4
            ]
        ]
    }
}